Monthly,Steps,calories,distance,recordkey
2024-11,130945,4671.769329,100.7192331,3b87c9a4-f983-4168-8f27-85436447bb57
2024-11,124783,5002.499432,94.34209475,7836887b-b12a-440f-af0f-851546504b13
2024-11,117860,0,94.29032086,7b012e6e-ba2b-49c7-bc2e-473b7b58e72e
2024-11,136249,0,108.996,e27ba7ef-8bb2-424c-af1d-877e826b7487
2024-12,130551,4560.129602,101.0969606,3b87c9a4-f983-4168-8f27-85436447bb57
2024-12,115592,4635.839581,87.37633616,7836887b-b12a-440f-af0f-851546504b13
2024-12,111977,0,89.58171667,7b012e6e-ba2b-49c7-bc2e-473b7b58e72e
2024-12,136852,0,109.4808002,e27ba7ef-8bb2-424c-af1d-877e826b7487
